sentence	sentence_id	locale	reason
گالیشیائی	0b6395a256d4a6347ee0febfda766392657daa9930a2c9b347d4349b2c6ecad7	ur	difficult-pronounce
پولیس حکام کا مطابق	01f90c23c5b393f069f3e5eb6d02dc371c5d07312575e8469147c823848b8d59	ur	grammar-or-spelling
اب صورتحال یہ ہے کہ نواز شریف گئے تو ایک اور سٹیٹس کو کا	03ebdbe96f18065ff19e80119890bb01f4026dcea6d94a588ad0f17c1b5e3c39	ur	grammar-or-spelling
سب کو ایک ہی تن میں انڈہ کر پھینٹ شروع کرد	2a5e885bb4a4d96e5b9f4f6e07328080b58fe9b2738a3289823b2ced2b0e927c	ur	grammar-or-spelling
یہ قوم بہت جاہل ھے	09a8cff9ba1a8cb84fc967d0ce3bd5336f7392863ee9aa9ef715082080da7752	ur	offensive-language
لہ تعال نے ہر چیز انسان کی خاطر پیدا کی ہے	474869bb92dc3cbe4273b5f89b22e47adbaa0e3a35da72fc8279ebe3a19a20e0	ur	grammar-or-spelling
فرانس فٹبال کا ورلڈ چیمپئنایمباپے اور گریزمین کا اہم کردار	435f4a77f7d81384b928c5747aafcbe3401049c41b1b99012ec25fa64b91c994	ur	difficult-pronounce
مائیکروسافٹ کارپوریشن نے کہنا ہونا کہ وُہ اپنا تازہ ترین کنسول کو نومبر میں کِسی وقت فروخت کا لینا پیش کرنا گانا	2a205b7cd500c425979476437cb42104af1ccf3df5b170a9d8164b683b03e66e	ur	grammar-or-spelling
اور وقت تھما ہوا دکھائی د لگ ہے اور چندہ ثانیہ گھنٹہ پر بھار پڑ ج ہیں	203f9e3d8f445b5ea1f0514177ff4b706a808ef185494be29c662736e9ea12a2	ur	grammar-or-spelling
اگر کسی کا جانی نقصان ہوتا ہے تو پورا نہیں کی جا سکتی	1f302b5a9a95262553c4b8593ce8217eec803bc9491fe59889fbb28e94fa1230	ur	grammar-or-spelling
بوسٹنویب ڈیسک ہمارے دماغ کا ہر خلیہ ایک پورےبگ کمپیوٹر کی طرح کام کرتا ہے	37e7dbfd7112246f0236d1f2f1bb59b0e12840c596fc4b7072d7f0e40f061c2e	ur	difficult-pronounce
وہ خواہی نخواہی، سیاست کا موضوع ہیں۔	4b0fc976aba860b5b7241ffd9b7780d07e2dbe60a23def7ad5c5077ecd511f15	ur	grammar-or-spelling
بمبارا	1f50522db74b1fbaab436577cf67dc0549846bcd7fec0fd158a9d3fca250e5a5	ur	grammar-or-spelling
مکمل رپورٹ اس لنک پر پڑھی جا سکہ ہے	484a2dc5a1a3182a068cc4b931236e7aa8b158f185fd32b1b9ba8acf693833e3	ur	grammar-or-spelling
کھجیندرا تھاپا مگر کے والد کا کہنا تھا	303e18f3e48f9508d26efa3901c0755b0e447d40911678dfbfea0bde9d8d6e63	ur	grammar-or-spelling
کھجیندرا تھاپا مگر کے والد کا کہنا تھا	303e18f3e48f9508d26efa3901c0755b0e447d40911678dfbfea0bde9d8d6e63	ur	difficult-pronounce
مزاحیہ چِیز ضارب کہتا ہے یہ دونوں امید‌وار رڈلف گیلانی کہلاتے ہیں	3cc470ce5503e1d790eec0207ac89c6bcb2aac880aadd4245358f2a9de6c9063	ur	difficult-pronounce
فنی خوبیوں کا مرقع کہا جاتا ہے	355c7d4ae69b4210cff6fed3a869073e40600d4080f7654c23061578a1deeb70	ur	difficult-pronounce
اکتوبر کو موجودہ ونڈوز صارفین کو یہ اپڈیٹ مفت فراہم کر دیا جائے گا	49d857dfbdef00b39d258129094b4d6f3effa30580e6138e939342a4090add45	ur	grammar-or-spelling
ہیرڈ جزیرہ و میکڈولینڈ جزائر	196f5ea856af6991a104c253863664c526c9a65fd42ff46c4f40243b5c501273	ur	difficult-pronounce
فون بک کی چھٹنی کی ترتیب	4bf2e7bc51929de3f0acf94f297d5be82abdb6a8b14f8f137b9ffa4ed4773edf	ur	difficult-pronounce
ایمیزون کی ایک چ	4789189c2717cc5fce766d0fee71d8cf3333f58350be5089e4ce152aa6ae16de	ur	The last word is incomplete its just a letter written. 

اگر کسی کا جانی نقصان ہوتا ہے تو پورا نہیں کی جا سکتی	1f302b5a9a95262553c4b8593ce8217eec803bc9491fe59889fbb28e94fa1230	ur	grammar-or-spelling
ٹیم میں صرف مہارت کرنا کمی ہونا ۔	486f36054dfdee7f01d4c458035ec86b43d577268023bfaa165fc2c2e20258b4	ur	grammar-or-spelling
اور وقت تھما ہوا دکھائی د لگ ہے اور چندہ ثانیہ گھنٹہ پر بھار پڑ ج ہیں	203f9e3d8f445b5ea1f0514177ff4b706a808ef185494be29c662736e9ea12a2	ur	grammar-or-spelling
جو یَہاں کا جنگلات کےحسن کو چار چاند لگنا دینا ہونا	5f2e00757e06ff42de722f8144b84c655b40f3335b1611f411453c9124218dc1	ur	grammar-or-spelling
ھر یہ سوچتا شاید ان کو ابھی تک کوئی کام	5ffa17293c3a2de1d0fcbe4d12f56f0eeed71a731e6dedf260f822ff6e034f79	ur	grammar-or-spelling
ہت سے مزدور ہلاک اور زخمی کر دے	606dd4ad62cbe9005a5e8c977a3fd2974928e99be6e8d0cd37708964e85e68b6	ur	grammar-or-spelling
ان کی ججی برقرار ہے۔	6328ae70a8af4e8a26094a288bd0c2714b110b707a7e2bd8f6d33b95074c3034	ur	difficult-pronounce
پرانا شوق پورا کیا کتابی دیکھیں کچھ نئی کچھ وہی پرانی	5ed0dca37f9d107d765745b6c366ec1ed74af53ffe1b1aed64f31e241b68cd2e	ur	grammar-or-spelling
تو مغربی دنیا میں۔	6095184e2e63e91b94f6f94dad93446dc3161452a87a3658306acb0ceb60638c	ur	grammar-or-spelling
لیکن جیس جیس دوڑ گ ، چلتے گ ویس ویس ت دھ گئی	5b484a1ff8a6d29d810b1ee3948dc428c79d1f5e9e6c9dafe6bd8232900b9f90	ur	grammar-or-spelling
لیکن جیس جیس دوڑ گ ، چلتے گ ویس ویس ت دھ گئی	5b484a1ff8a6d29d810b1ee3948dc428c79d1f5e9e6c9dafe6bd8232900b9f90	ur	grammar-or-spelling
اس ان بیٹری کے گز بیک گراؤنڈ میں چلتے ر گے اور ضروری ڈیٹا اکھٹا کر ر گے	778017dee866a25beb73c40e8575cfb160623011c7521b12977dfb127faa875c	ur	grammar-or-spelling
ان کے پاس زیادہ سے زیادہ زمین آجائے	3afa3265618d168059cd61f4ebc27dc021a75a94f372a442ba92c085385736e4	ur	difficult-pronounce
مگر حیرت کی بات کہ قرآن شریف کو سب سے اوپر رکھا گیا ، گویا سب سےمقدس صحیفہ یہی ہے	076ee91343dbd44de3b9ee682cc0902bed1a85b8e84b8fcb990cf93ec353c254	ur	offensive-language
باکسرمحمد علی کی تدفین پندرہ ہزار ٹکٹ تقسیم	4e3103b0ac7b7c7d106db2f2abfbcd21df7d237d816a7421bb2f16dc03c367f9	ur	difficult-pronounce
مر کیا نا کر کے مصداق صبح ہ اندھیر اٹھ اور بعد نماز فجر گیرز کس کر ایک گھنٹہ تاخیر سے میدان میں پہنچ گ	651dc5901597d1927111782fae661952ab14a46b8820b2e68dc595a6daa29f11	ur	grammar-or-spelling
چترال میں موسم بہار کا شروع ہونا ہی مختلف پرندہ نمودار ہونا ہونا	545e071505f1c895b65d286c7ec64136459bf3f118f2be52ce33de53bf7333cd	ur	grammar-or-spelling
برطانیہ دو مرکزی اشاریہ ہُنڈی آلات رکھتا ہے	72da262c225a66bbb20d200a1cbb5f73660f366d1776f2947dd419cfaa4189c6	ur	grammar-or-spelling
لن کے خلاف کرا ٹیسٹ میں بنائی تھی	daa95c86a510fc290430b1a85b6e512263b580551e0a2a3ff6f601954b341467	ur	offensive-language
چند موقع پرستوں کا معاملہ دوسرا ہے۔	bcf44213afc66e86a1fb3a07b77057687f7cf3556500ed36a2fb9079e54dd2e6	ur	grammar-or-spelling
سوات کرنا ریاست نے پاکستان کا ساتھ الحاق کرنا ہونا	be3dc576978e2524b4bd8854d21952d77995bad3c0d59162c27dd5a93caec3f3	ur	grammar-or-spelling
متوازن خوراک صفائی کوڑا کرکٹ رات کو پھینکیں اور غریب عوام	c2ed57b2705384fd27100982ee86a2f5a059be65c1573eb523e0ad2c59c01964	ur	grammar-or-spelling
دبئی ٹیسٹپاکستان کی انگلینڈ کیخلاف ٹاس جیت کر بیٹنگ	c0a8c63b41bc50ac84237c5b9dc41d46d14e203d7788dbda6bccc25393fd06af	ur	grammar-or-spelling
میرا بس چلے تو میں انہیں ملک کا سربراہ بنا دوں لیکن انہیںستائش ملتی ہے۔	0ce0bb792ce82b7fe4a353478586fe0941f40c0fe5e286509f95bbdfac901abf	ur	grammar-or-spelling
پاک فوج کے بیان پر جماعت الاحرار کا ردعمل جاری رہے گی	049eb2d921352b12f052499a1d707793775ad0058b4b3dfb20843f57f2dec574	ur	grammar-or-spelling
ہوا ہے شہہ کا مصاحب پھرے ہے اتراتا	13b3ddc2d9e4ff09db93c0d3f95b4558d79c1a0e43527f3315c91223b3c10969	ur	grammar-or-spelling
میں اُردو ہولتا ہوں۔	406e81950803218d9b49f3d6d54b9e3eba94afc1f0db11a57769b445ba777c44	ur	should be "??? ????? ????? ????"
وہ الفاظ ہے	4bc8b678d4301c1a52e9121003869e766d55edc2c30cba54b3dc5e2494725c2d	ur	grammar-or-spelling
دیدہ خوں بار ہے مدت سے‘ ولے آج ندیم!	60c1e2b202fe1f10a460e7f3490c512bf72598af7ebea00f641b60596e7a5210	ur	grammar-or-spelling
پورپ میں اٹھنے والی پاپولزم کی تحریک بنیادی طور پر تین نکات پر مبنی ہے۔	5fcd5e8a61b238f669bf960980a620c831df9205ed39dc20c2fbe57d4756ef74	ur	grammar-or-spelling
بے محل‘ اے مجلس آرائے نجف! جلتا ہوں میں	4fbd6c38e2be19f5254eba2bb01ee22b337cc733d56adf08a2ec34f4b07c5e6d	ur	grammar-or-spelling
پھر بھی میرے کسی کہے پہ کسی کی‘ بالخصوص اعوانوں کی دل آزاری ہوئی ہے۔	4dd4424fe0d0b7c1d07613503a5e7005c19ec6486fecba7e4e77fa68aa6555d3	ur	grammar-or-spelling
ہم شیش محل والوں سے کیونکر محبت کر بیتھے	4b48e320d242bec4246d428677b45b3d73dad007484a5371c966956f536403e4	ur	grammar-or-spelling
گناھ کرتا ھے خود ، لعنت بھیجتا ھے شیطان پر	2d3b984dd8751b93c2e868b2a9b28b844aa7295a6b122807f79ecb1b3f46cf01	ur	grammar-or-spelling
جماعت الاحرار نے ان تمام ممکنہ اقدامات کو رد کرتے ہوئے تاکید	8d453010de149f331e2671c5b84d11de3cd1745fd11777b50d908bc554fec191	ur	grammar-or-spelling
جماعت الاحرار نے ان تمام ممکنہ اقدامات کو رد کرتے ہوئے تاکید	8d453010de149f331e2671c5b84d11de3cd1745fd11777b50d908bc554fec191	ur	difficult-pronounce
يا بندہ صحرائي يا مرد کہستاني	01bb3599a317ef82f71af0bf9bb65993325a9d62ac2d8ec1d9aacf9fdc17b080	ur	grammar-or-spelling
صرفہ ہے ضبط آہ میں میرا وگرنہ میں	b90da748b98943a36e4ee381fa80ada8387936d2041c7db2109e9593837c0436	ur	grammar-or-spelling
صفحۂ آئنہ جولاں گہ طوطی نہ ہوا	c4e6d4da032a8a0b6cdb8e718a19add1d76d9bcb31cd9f098cb392d5922ddd8e	ur	difficult-pronounce
ہی والے ہیں جو آپ والی فائل میں شامل ہیں۔	c428b97141bb06840a597f6ba31fa4a907c9c98a2c44007a701c6068720d085f	ur	grammar-or-spelling
کیا کے الوا وو شو کے دیگر رولز کے لیے بھی گانے گیا کرتی پتلی	725d0175556e190593b9c02b737681a70b69c3872868731cccde8299fb0c83ee	ur	grammar-or-spelling
فریدون و جم و کیخسرو و داراب و بہمن ک	b80d853ff6a69a250709f18d232b1bcf4e656127ca749c749fbf20689218a931	ur	grammar-or-spelling
نوجوان بلاول کو مگر کیوں خواہ مخواہ بھٹو بنانے کی کوشش ہو رہی ہے؟	4874b2a3c4bfec49cd142b7d5e3290309a753eb88ec71b7a6f4d22840d06a9b2	ur	offensive-language
مزاحیہ اداکار کپل شرما کو بھاری پڑی فلرٹنگ سلمان خان کے پاس پہنچی شکایت	009127fcf40b0b8f0fa025150a979c1d378b0d91206f4936c2a029bb2dbcc12b	ur	grammar-or-spelling
پراچین سنسکرت دور اور دیگر زیرتحقیق آرک لوجیکل سائٹسٹ	022fe29b9374fdeebdc97a258c59d2e0abcb8009169e575551810cd50812c7c0	ur	grammar-or-spelling
زمینی حقائق کی بنیاد پر نیا نظام زکو تشکیل دینے کی تجویز	00fdeacbf14cad1e1b68d48c0fa05657cdd003704ae7d3c142788652576d6385	ur	grammar-or-spelling
جاسکے گی طیارے کی کمرشل بنیادوں پر پیداوار ء کے آغاز میں شروع ہوگی	02653e8448aead2cc1f4628c0443359746d90cfaf5dd062d3d47c4c3be471b7d	ur	difficult-pronounce
منعقدہ اجلاس کے دوران کہی اجلاس کو بتایا گیا کہ ڈپٹی کمشنروانکم ٹیکس یونٹ رینج زون کے اہلکاروں کی ناجائز	008e0057f2d06daa8b0ee62b620803cdd40f4529266e54cbcf7892083d10ee7d	ur	grammar-or-spelling
پر پابندی عائد کے اہداف طے کر رہی ہیں	026639e46d5c6f180a2a65d822843b6fc191ba40b4ab640c3e633f3fa057ee84	ur	grammar-or-spelling
اس میں وقت اور انسانی جان جیسی قیمتی چیزوں ضائع ہو جاتی ہیں۔	1505425232dfb9fe53787a945848057dc747fecf062ec3acfd0fd2b9b16ffa27	ur	grammar-or-spelling
یے گلت ہے	399968531b79ec93a6d46fa742889e984e37b3297a614caaffe2fb039c555e10	ur	grammar-or-spelling
زیادہ ڈراماز دیکھنے سے پرہیز کریں بعض ڈراماز صحت کے لئے مضر ہوتے ہیں	41315892a7c06bb6ab1689c183d051648bcfe565ad1edfda0325de85fd5b4719	ur	grammar-or-spelling
Muhabbat Adawat Wafa Berukhi	759f3bec76d461c909bb7bcf5a704a3fb454e6da8fccf05d2b304d837e0cb356	ur	different-language
کس کو دوں یا رب! حسابِ سوز ناکیہائے دل	69739545e94bdb3a33b0f9744bae6baa640f11603e8ffe2a367ef7ad6e829b1c	ur	grammar-or-spelling
کھویا گیا جو مطلب ہفتاد و دو ملت میں	650f0261fbcc9030cd81f7d54984c4facfa4e0103b6cdc4ec2e8077f0019dfb5	ur	grammar-or-spelling
گلاب کی سے زیادہ انواع ہیں	369e69f4a22f6b1fa871fd23f9b5447c0234290637611d9eb369b7930d33a19f	ur	grammar-or-spelling
س عرصے میں زرداری نے پارلیمان کو مضبوط کیا	7fdcb8e1d7daedf58acff4957929f74e7755be768a96cbad28ff693a79f6c39d	ur	grammar-or-spelling
محبت خویشتن بینی محبت خویشتن داری	4a6f943cd53ccedccb95eacd7622f8d69244f57bb5b81b9a4ed291c9c7f23d83	ur	different-language
وہ دوریا وہ ہی فاصلے	3de2ee0ec35cc7d54616768415a61a088f00f7897922f71df12f46ffb95afbe3	ur	grammar-or-spelling
Musafir K Rastay Badaltay Rahay	908fa77b00fe27ad4d554a93dae512e3f8adc0cb526b4a9ce2ad7b6eea2b46fc	ur	different-language
اس میں شبہ نہیں کہ اس نظام میں ا نگنت خرابیوں ہیں اور وہ اصلاح طلب ہیں۔	73b00778d90179dc48622d2e88902ef211173e75ce42e4bc58db21ead3dcd606	ur	grammar-or-spelling
نہ پاک بھارت تعلقات بہتر ہو سکتے ہیں اگر ہم ایک روادار سماج چاہتے ہیں۔	8ec339986f2e99ab7fd51549e9c4a727d5b21db0df9f2b3bdd30f6df6574bccb	ur	grammar-or-spelling
کیوں کہ مجھے وہ نہیں اچھا لکھتا مجھے دوسرا لڑکا اچھا لگتا ہے	7dd840fdcf29fadd6a32ea6156915bcec89daafe825c5af6d8d57aea5642fefc	ur	grammar-or-spelling
جودہ نام کراچی سے پہلے کراچی کو مکران کے علاقے	a24904edf33de2f7209b67faa17d545bfff714c14ff433ea346629838f16977a	ur	grammar-or-spelling
بکہ سکردو کے لوگ انتہائی ملنسار، خوش مزاج	a07ba32684bbac74a101148bb1f995d918a84075af77e392e070e123cb32c4de	ur	grammar-or-spelling
رقی پسند اور پرامید سوچ کی جھلک تھی	8f66fd8f0e6c734eb6375775b71e114befc88fff1c6cd3814755d00059034792	ur	grammar-or-spelling
لیکن میں نام بدلتی رہتی ہوں لیکن لڑکا بن کر میں نے کبھی بھی کسی سے بات نہیں کی	9314cb0987a6e2a9c282f42684a4d86293d82e9b4750402ccf7cf4dcf6e906ae	ur	offensive-language
شامی فوج نے آج صبح "جوبر" میں دہشتگرد گروہ کے زیر قبضہ	9e9a452e62186d03a326464f68408ce4b9c492c168408fdab6745ce547010812	ur	grammar-or-spelling
نہ کھڑکی کا پنجابی میں اس صورت حال کے بیان کے لیے ایک لفظ ہے۔	b00d3f575c44a7772b3a5dcbbc9f9e13e9dc9c29ddb7b1c4944b86643f651764	ur	grammar-or-spelling
اس پہ مستزاد ان کا اسلوب یہ دوباتیں اس مجموعے کی اشاعت کے لیے بطورجواز کفایت کرتی ہیں۔	ee57df48d5e90dcbd35b0be2b5ff24027052311914e6f481eb5dc890e67d3c9f	ur	grammar-or-spelling
وہ ہیدر اباد ہے	e4f50d6d54269d6500a468ac4685c69aea0a59c579b78b9765cf0b9054235ccf	ur	grammar-or-spelling
aala	4018aa292d1f820e727a2b3fb6117d0c8b8282a1dee78346c7440bb390c8fe69	ur	offensive-language
تم خداوند ہی کہلاؤ‘ خدا اور سہی	448fff0fded3f2de953f5b769115c518fb6bca8272443415da2bb427812c7e6f	ur	grammar-or-spelling
ان کی زبان مقامی ہے۔	75ee23a42722b431651c7714151fab278efa3548b3640e9eee0ef2626daaf0f2	ur	different-language
اس میں شبہ نہیں کہ اس نظام میں ا نگنت خرابیوں ہیں اور وہ اصلاح طلب ہیں۔	73b00778d90179dc48622d2e88902ef211173e75ce42e4bc58db21ead3dcd606	ur	grammar-or-spelling
کیوں کے وو جنت ہیں کے وقت کے ساتھ ساتھ اپنے کام میں کیا تبدیلی لائی جا سکتی ہے	8be7f949cba2b71c0b1b0d046d840e2b2105a2f31ee63c078091d738a675a1bc	ur	grammar-or-spelling
اورنظام بھی اس مقدمے کے حق میں ان گنت شواہد مو جود ہیں۔	c748e11aaaaa52e8e64f37bc1751e7cf661e2d370b6fa8d76dfc91830106587a	ur	grammar-or-spelling
سراسر تاختن کو شش جہت یک عرصہ جولاں تھا	d25cf1e7343451bea8f6fad1b676cfacb344175f7a1bfc8c3bcaad4cf774ffb1	ur	grammar-or-spelling
کیوں کے وو جنت ہیں کے وقت کے ساتھ ساتھ اپنے کام میں کیا تبدیلی لائی جا سکتی ہے	8be7f949cba2b71c0b1b0d046d840e2b2105a2f31ee63c078091d738a675a1bc	ur	grammar-or-spelling
ساقی تم نہ رونا مےخانے نہ رونا	e200b30c3955fcf6680140a6d251aeb12cb55231652402cc519a6858130af14c	ur	grammar-or-spelling
ہے مکیں کی پا داری نام صاحب خانہ	d6351b5216c478877d71132278962db0953ceac62a18e1797213fcd515f9303d	ur	grammar-or-spelling
گی کہ ساری امریکی کہانی از بر ہو جائے۔	0159380c11da779c075107c3354847231cfce5b66c095763d9dd52276e34268f	ur	grammar-or-spelling
جس کا دیوان کم از گلشنِ کشمیر نہیں	ec3a4ced732a40d3040434822a71524828df191aa9cec10afe2834093ce65f42	ur	grammar-or-spelling
اس کی آنکھوں کا کر ب میرے دماغ کے اندر بنے ہوئے	324c3792432a3011ff9482500d5505db2db95dfaef4864369a142ee64e079e04	ur	grammar-or-spelling
مری جبیں پہ مرے آنسوؤں سے کل لکھ دے	42d31e7699e210386aee89dfc2f7043fea10d780a476680e03f08b987c79ab8a	ur	grammar-or-spelling
وہ ہیندو ہے	1d7b55bf0a545cf516e3a174ec96dab5ff316c987dbe3066c1f93a010863850b	ur	grammar-or-spelling
ڈاکٹر اعجاز احمد نے اپنے قیمتی اراءسے مستفید کی	15ccf63e1cfb4cdb5b0fb28ba20bbf23859610d3e06ffd8f56592226df9c8138	ur	grammar-or-spelling
Muqaddar Main Chalna Tha Chaltay Rahay	2257a92e9c327370780ec418ee0f27e2ee1e26c7eeec117085351cdf65de709c	ur	different-language
چونکہ اسلام میں ارتداد کی سزا موت ہے، اس لیے ان کا خون مباح ہے۔	0c57f8de67e88c62468326ef7d66bbf4a3c22f6e42c918756c6f09a6ec86a97d	ur	???? ????
وہ اپنے دوستوں کے ساتھ کھیلتا ہے اور ہمیں خوشی دیتا ہے۔ 	044d45e2a16d14c75d3357b51f1f2279409821d7c97c21fd7719ec3ffc880302	ur	grammar-or-spelling
بھارت امریکا سے تجارتی معاہدہ حاصل کرنے میں ناکام	044dfc92fdd984bc943c75670083dd9557e369556a69d33a0ba24c47e4d3d6c7	ur	context is out.
کیا ہماری تقدیر اٹل ہے اور اس میں کوئی تبدیلی ممکن نہیں؟	044e617e8a17e2ffef5f1457ad6ec5870994defcc271c89393b77cebcd7b8a8c	ur	grammar-or-spelling
ہونڈائے کا پاکستان میں گاڑیاں اسمبل کرنے کا فیصلہ	045902513daf35a1fbdf2b6c26ef84ac40b32223793128f63e3780001f5f20ba	ur	grammar-or-spelling
وکاس بہل ہراساں کرنے کے الزامات کے باوجود ہریتھک کی فلم مکمل کریں گے	045a5c7b17356da1862dfd2c8fc97c587e4e34f5a4c0a5724e1f97db407a7b83	ur	grammar-or-spelling
یہ ریاست تھی یا کوئی اور؟	045de6cace87e9cb4482bf290dbcd7f2d1aabe714e541e36679213a1fc2d21c1	ur	grammar-or-spelling
مملکت نے اپنا کیا حال بنایا ہے۔	045f7067e075f63780f3476180948d52668118f528caf37941355452b8b9a029	ur	grammar-or-spelling
پاکستان اس کا کچھ نہیں کر سکتا۔	04620c139d5e87c39f8299b5e1e1e4807b4af31b3a9ca399350ae28ab35c44d2	ur	difficult-pronounce
دنیا میں ک بھی ہوں کو توقیر کا سام بھی کر پڑتا ہے	04658636c5b0d0ac3e1359a948920cd0048689c1ab6fc3c72300518c9e413746	ur	sc-different-language
ان کا مقدر بنی حسین بن علی رض بھی انہیں	0467a3d548deb256b5f9f73384d096c592303fe5686a1f0cc520ee2c2233f02e	ur	grammar-or-spelling
جبکہ تنویمی عمل کی ایک جداگانہ حیثیت ہے	0468dd4657c88bc738d9594b5cc2c84b1c4c6ac342dad520b26214b767b7e3dd	ur	grammar-or-spelling
ہم پاکستان میں موافق حالات پیدا کریں	046acecae8b34704c31ad719ae4fc065f6b98c78dfb11318c3a5d3da7b3470d3	ur	grammar-or-spelling
مناسب سمجھا عبداللہ بن عباس کہتے تھے یہ کوفی دھوکے	046eef7e5255c9ee455635441e7e13c4504431dcf2e7fa19026d01ad2ca39507	ur	grammar-or-spelling
پہلی تبدیلی نوجوانوں کا عملی سیاست میں متحرک ہونا ہے۔	046f53ffdbf860d87cfeeb17505e1552a12690cfadf5a80b44a69e9aff6b303e	ur	grammar-or-spelling
اس کا مخمصہ یہ ہے کہ عوامی تائید نوازشریف کے ساتھ ہے۔	042f4d4d50d3ce55ed0e60754ed7d9616ea7c547763915429a98979e4817e07a	ur	grammar-or-spelling
مجھے کنیڈا گئے ہوئے کافی عرصہ ہو گیا ہے	043d239fecad1fccca5c3d75d475c2ee80253bf9b95c10d82512a77d91b6db7f	ur	grammar-or-spelling
فواد خان بہت ہی حسین ادمی ہیں انیل کپور	044011f0d028324d24566d86583ad7b6fb9fa761675f15dae7ae1f27a72d07bc	ur	???? ??? ???
باعزت ملک بن کر ابھرے گا	04430fd8b24b1b9014600beaf2be6edebe7c78d44cfc375489d5ceaedf669712	ur	???? ??? ???
پہلے ذہن بدلتے ہیں۔	04478a4db8458f803ee2f3a0f290e3cb7a7deec444b77060fbce8661914f1729	ur	???? ??? ???
لہذا جب نتائج آئے تو اسی لحاظ سے مایوسی پھیلتی گئی۔	0448ca71382b45c659bdb22f6f34adc7a05647657c9c3292065f6813e37cbcae	ur	difficult-pronounce
ہونڈائے کا پاکستان میں گاڑیاں اسمبل کرنے کا فیصلہ	045902513daf35a1fbdf2b6c26ef84ac40b32223793128f63e3780001f5f20ba	ur	grammar-or-spelling
جسے پنڈت رتن ناتھ سرشار کشمیری نے لکھا	045b187995f939efc18a51e4f0fda374fd28c1bd66a1132961f1fbddf31d648a	ur	???? ??? ???
مملکت نے اپنا کیا حال بنایا ہے۔	045f7067e075f63780f3476180948d52668118f528caf37941355452b8b9a029	ur	sc-different-language
پاکستان اس کا کچھ نہیں کر سکتا۔	04620c139d5e87c39f8299b5e1e1e4807b4af31b3a9ca399350ae28ab35c44d2	ur	grammar-or-spelling
ان کا مقدر بنی حسین بن علی رض بھی انہیں	0467a3d548deb256b5f9f73384d096c592303fe5686a1f0cc520ee2c2233f02e	ur	grammar-or-spelling
پاک بھارت ہاکی سیریز مارچ میں ہونے کا امکان	0469df8fa16423f8fe6406cb79288c6aff99077154305284adee57e3e4d83c3c	ur	grammar-or-spelling
پیٹرولیم مصنوعات میں سے روپے تک اضافے کی تیاری	046e0267e574b119707ee9c4521d83a3fdb2849977148b77eb71bdbbf48b98c8	ur	grammar-or-spelling
او سلی ون کہتے ہیں کہ ہمارے پیٹ اور آنتوں میں کروڑوں اقسام کے بیکٹیریا موجود ہوتے ہیں اور ہر شخص کے	0469daeabb1766d553a79700f6f6a86d30b560c87a8e0cefb12c48c2bd324337	ur	grammar-or-spelling
ایک ڈرامے پر تنقید کے بعد بشری انصاری کا سخت ردعمل وائرل	047e8e0c414ec912dc4eff78fb3fc7d71fe725bfc2704167559d23c19377171b	ur	???? ??? ???
مؤرخ لکھے گا	048054437253398cf13be2e678391b420d009978a8dc93cb8ed5201697bfe73d	ur	???? ??? ???
حضور اکرم صلی اللہ علیہ وآلہٖ وسلم ان کو بہت پسند 	048238e1bee63be2b9416d391330abdde674afa64296bcaac5ff835ce74bc78c	ur	???? ?? ???? ??? ?????? ?????? ??? ?
منیکارنیکا دیکھنے کے بعد تجزیہ کاروں کو منہ بند کرنا پڑے گا کنگنا	0482c553a579cb8123185bb5cc8457bf9ca575541c4bd3110b47a69b1dad025d	ur	???? ?? ????? ???????? ?????? ?? ??? ??? ??? ?? ?
آج سورج کہاں سے نکلا ہے	0483a475b023d95c70481c401d824d5a6053661314d364a6d5d5b14ce3e5e477	ur	grammar-or-spelling
اٹلانٹا جارجیا اوہہا نیبراسکا	048648febdfb70b217beeff69b733d479a402e9088bc79a63be2a2fd11dc2999	ur	grammar-or-spelling
کھانا اور مشروب پارٹی میں وافر مقدار میں تھا	048c5428dd8869bec07febba77e6499c4ec5ccc6737079757054d5fb36884afb	ur	???? ?? ????? ???????? ?????? ?? ??? ??? ??? ?? ?
موٹر وے پر خاتون کے گینگ ریپ پرشوبز شخصیات میں غم غصہ	03ef78074403062fcef743c81be328f0186476b89b597d18ef206eb0e25beb0b	ur	grammar-or-spelling
ان کی گاڑی دیں سال پرانی تھیں وہاں	03ac48974b63a2ae9aa2e81aa91782c3214e06ccc017be1a6fa50f362766e11b	ur	grammar-or-spelling
امریکہ اور اس کے تمام اتحادی اس جہاد میں شریک کار تھے۔	03fc75464bc8ed81e1d44fbeb96e38e67a5f580cfc9f6e4072863c7e63c3a934	ur	grammar-or-spelling
کارگل سے فوج کو نہ بلایا ہوتا تو کشمیر ازاد ہوتا	04c92b003a22a1ec119162286e0cc7e98389b8e51c80257e5686b2b64f221ffb	ur	grammar-or-spelling
میں صبح کے دس بجے کے آس پاس آؤں گا۔	038b8692f64c121cc70ade6eae47c582af32d539343c77c8c94465478ebcb2ff	ur	grammar-or-spelling
اب میں اپنے دوست کا تعارف کرواؤں آپ سے؟	046eff5a4abaa3af15fc4639c76e541b90b88183efc746c456e8772866e1301d	ur	grammar-or-spelling
تحسین آپ کی اردو اسائنمنٹ تیار ہوئی؟	539c880710064b08fd2f98604e2aad07e26557c98d54d344c930742b399dfae7	ur	grammar-or-spelling
جبکہ تنویمی عمل کی ایک جداگانہ حیثیت ہے	0468dd4657c88bc738d9594b5cc2c84b1c4c6ac342dad520b26214b767b7e3dd	ur	difficult-pronounce
گینڈا تو اس نے تمھیں ایک سال پہلے کہا تھا اور تم نے بدلہ آج لی	004351d30273dbab4e2c45eeae21b04926766352f8e1ac8004ec9de8ea6858aa	ur	grammar-or-spelling
گینڈا تو اس نے تمھیں ایک سال پہلے کہا تھا اور تم نے بدلہ آج لی	004351d30273dbab4e2c45eeae21b04926766352f8e1ac8004ec9de8ea6858aa	ur	offensive-language
مے یقیں سے ضمیر حیات ہے پرسوز	71d6104940015d6a176474d4f01d533228ae8d487ba420de4ec61741aa423e18	ur	grammar-or-spelling
اس میں شبہ نہیں کہ اس نظام میں ا نگنت خرابیوں ہیں اور وہ اصلاح طلب ہیں۔	73b00778d90179dc48622d2e88902ef211173e75ce42e4bc58db21ead3dcd606	ur	grammar-or-spelling
اس علاقے پر پراچین راجپوت ایرانی یونانیعرب،بدھ مت، سکھ،	728bdf698a61bdc1966041370158a6e8ab8823efbbce0a9a0b069bd51e180536	ur	grammar-or-spelling
سب سے زیادہ قابل زکر چیز جو آپ سب سے زیادہ اپنے سیتڑ سے مطلق پسند کرتے ہوں؟	756550394d2895490bb8eb3377b2cc86b13b24fb1c8f619510ea061eefdd43bc	ur	difficult-pronounce
اورکاشت کاروں کے نام پرارب روپے کمالئے	04c8c838918a202253a0c9112b3ce535a3b026a2026318178dfda092059f79c5	ur	grammar-or-spelling
پوسٹ بجٹ کانفرنسہمیں اپنے خاندان کے کاروبار نہیں چلانے عوام کو معیشت کا محور سمجھتے ہیں	03b8e6a29f4821857a4421c01bcdd84e644bb379ac67d72339f203d27b0acfeb	ur	grammar-or-spelling
پوسٹ بجٹ کانفرنسہمیں اپنے خاندان کے کاروبار نہیں چلانے عوام کو معیشت کا محور سمجھتے ہیں	03b8e6a29f4821857a4421c01bcdd84e644bb379ac67d72339f203d27b0acfeb	ur	difficult-pronounce
یک عمر نازِ شوخیِ عنواں اٹھایئے	6b3d748b27b60dd180da56e3373727306cf0eff497816d288ff7e22b0bbf4ea7	ur	difficult-pronounce
جیسا کہ اس کی فوج دنیا کی چھویں بڑی فوج ہے	5be75ac3fbe652426f8b4025942ffab702d5d3bc9f92a8d4defe44e569cd6c6f	ur	grammar-or-spelling
مجھے کنیڈا گئے ہوئے کافی عرصہ ہو گیا ہے	043d239fecad1fccca5c3d75d475c2ee80253bf9b95c10d82512a77d91b6db7f	ur	grammar-or-spelling
گزر اوقات کر لیتا ہے یہ کوہ و بیاباں میں	795453a8d1ea900e947b55eddbc858ee61f9ea5dad0ee02aa308c3cc7dc87870	ur	difficult-pronounce
وہ گصاہ ہے	822c2fbc9d467edd348bbc7d9aa146bc6752657cb7dd5a0ee3367c486de9df12	ur	difficult-pronounce
کورونا وائرس کے باعث لاک ڈان ئل گیس کی ترسیل ضروری خدمات قرار	03bd4e540b427179235e4812f25f36cd4d131f168cfdf9d525dc7fcca2a38bb9	ur	grammar-or-spelling
امرا اور اشرافیہ کا تو کچھ نہیں جاتا۔	03cc6edb9563795dc05139ce22b27055fbe4d329133a429932378bdb3784b9bc	ur	grammar-or-spelling
کہتے ہو نہ دیں گے ہم، دل اگر پڑا پایا	85898299bc1f90ec981e3f73d840937e90e1f0f227b5560d762b1f2fe41d0271	ur	grammar-or-spelling
کوئی بھی طلبہ سکول کے لئیے لیٹ نہیں تھا۔	03f37a65b1f9f74f2982b4434b85b9cc42fe6a88436949ee3c6263625f89ce6f	ur	grammar-or-spelling
      طلاق کی شرح تیزی سے بڑھنے میں ”غصہ“ کا بہت بڑا حصہ ہے	043e582835b508418d167538b73e59bf50fe7691f7ec2e87429b188ca8aef022	ur	grammar-or-spelling
منیکارنیکا دیکھنے کے بعد تجزیہ کاروں کو منہ بند کرنا پڑے گا کنگنا	0482c553a579cb8123185bb5cc8457bf9ca575541c4bd3110b47a69b1dad025d	ur	difficult-pronounce
ہوا واماندگی سے رہ رواں کی فرق منزل کا	64ed02a0512fbbd17251e8991ce0fcb6f116f21e89a23c2ce66ef3cb2fd5fe7a	ur	difficult-pronounce
وہ گلت ہے	8932b013b61cdb7ba14a2369be967780a1d5ba29f58e34713cf8c4071ed411f2	ur	grammar-or-spelling
نظارہ سوز ہے یاں تک ہر ایک ذرّۂ خاک	8bdd4304a763b13df38ee5960f337e453a7d04b9f3f167095129ae1ef3c7f410	ur	no audio
میں تو کہوں گا کہ جو لوگ یا راولپنڈی انسٹیٹیوٹ آف کارڈیالوجی پہنچ پاتے ہیں۔	8af067abb8f78a5a2fe4aa2198b920817e8a3b340aa7c5a603dd50d897a83f54	ur	grammar-or-spelling
تہی زندگی سے نہیں یہ فضائیں	9394463bd84fbe30d7426f01437349bb7cfbc46a89c4a89d9ca24f0a23c94004	ur	difficult-pronounce
 کا اظہار کرتے ہوئے کہا ہے	037eda43f640937b5dcbaefa841a132f6b52c2365431aa1923d42eda03b052bb	ur	grammar-or-spelling
ڈرائیور کی آواز سے میرے ذہن میں  ہونے والی بار ش کا زور کچھ کم ہوا	04dff549152a41ae64682db6adf845a12ec4b68b6c98b7d272bfd75a39e83408	ur	grammar-or-spelling
ایشز سیریز چوتھے ٹیسٹ میں سٹریلیا پر اننگز کی شکست کے بادل منڈلانے لگے	050a8d58c8d438517f58eff3b5d3e95e55c89b2d1c17e452d21d8fad0fa5c6c2	ur	grammar-or-spelling
ٹام آپ سے نفرت کرتا ہے	051314520db7870fc345302fa6e0858c3c3b8d54bd9acb9302a61ef89fa8d4fe	ur	grammar-or-spelling
اسلام ابادیونائیٹڈ کے اوپنر شرجیل خان نے پی ایس ایل کی پہلی سنچری داغ دی	05191043b208102a41f034634406981d5490f596384f7d1309016f013baf0e51	ur	grammar-or-spelling
وزارت تجارت نے برآمدی شعبے کو بہتری کیلیے متعدد اقدامات تجویز کیے ہیں	04c237c5191ce00f505703bca5c5205bb73aa72c62aefa58dc60c70ccbd4a600	ur	grammar-or-spelling
پاکستان کی تاریخ میں ساٹھ کی دہائی کے بعد، وہی تھے۔	0519ccee3dad2f0414190abb05f54e07bebca869bcf9cb9f31931a7a5c3d190a	ur	?? ???? ??? ? ?? ??????? ??? ?? ?
ہم نے دھاڑی منڈوادی	051e73df30b3295496af8f5098e65dd31bced9ac96e8d028dec81b71085eac6b	ur	?? ???? ??? ? ?? ??????? ??? ?? ?
جلدی اٹھ جاؤ وقت نکل جائے گا	05231562330ef97b2579b808c25f1f472ace76bc77c2661460abe7d903c4c628	ur	?? ???? ??? ? ?? ??????? ??? ?? ?
لیکن یہاں ڈرامہ کھنچتا چلا جارہاہے اوربوریت طاری ہونے لگی ہے۔	052a0bb4d22b151011e57049d3d2b737e102e7c86a09d4f89162acfe60965696	ur	grammar-or-spelling
خانمانِ جبریانِ غافل از معنی خراب!	993afa036d2ee801cb39a59a72b9cd9dc9ee0ca719b0cb690631aad12cfb9b1b	ur	different-language
بندوق اور توپ و تفنگ تو افواج کے پاس ہوتے ہیں۔	052bedaad5539eaa5f24edb989134d9d05ab0afdc356698720b6f8b72faf49ac	ur	grammar-or-spelling
کوئی خاطر خواہ فیصلہ ہو گا۔	052d3e492e06a2feb9a55e7cc2de763a934308aaa2692252248b5eec4290ced2	ur	grammar-or-spelling
پی ٹی ایم کوغیرملکی فنڈنگ واضح شواہدموجود ہیں	052fb22c695566426e38afc8cba1cf9ae6eb37ac4f02f6107a06b3813a2399f9	ur	?? ???? ??? ? ?? ??????? ??? ?? ?
تو یہ مشقت کیوں اٹھائی؟	05359ecac1a0a9b80f771eb0233045555eadc3a0c247bfbc949f1cc3b6746b02	ur	???? ??? ?? ?? ??? ?? ?
من موہن سنگھ ایکسیڈنٹل پرائم منسٹراور سونیا گاندھی	053c0df0bbd5db326815b0f3d75f38825a2f53e515208451ea68c31559f3b694	ur	grammar-or-spelling
اٹلانٹا جارجیا اوہہا نیبراسکا	048648febdfb70b217beeff69b733d479a402e9088bc79a63be2a2fd11dc2999	ur	 ???? ?? ???? ???? ??? ?
ن کا زیادہ وقت جلاوطنی کی نذر ہوا	05470e3c708142e36813c86c244375bd8ad1baea45d2f9257043d444e4da4414	ur	sc-different-language
تو وہاں کھڑے سیانے قانون دان نے کہا کہ ذاتی استعمال کیلئے۔	0552094d145acedc9f4b4783a4097b26fddd86f18054fd8118fc3df1c7672543	ur	grammar-or-spelling
اپنی انا کی تسکین کے لیے وہ تصادم کی طرف جائیں گے۔	056353c9218c784b61a48f8d32178e91a93fffc6192aed1934a49acdf53c41b7	ur	 ???? ?? ???? ???? ??? ?
میرے آنکھوں کو سامنے ایک ندی ہےجو آخر کار بل کھاتی دریائے سواں میں جا گرتی ہے	056f5b1a041743e83f5ae13ee53ed7623cefd9e8e13cb4a9efc633b795d3ca73	ur	grammar-or-spelling
جمائما برطانوی ایشیائی جوڑے کی شادی پر فلم بنائیں گی	05757611c74d6ac5b71516caa3345ebba271dc15fbd6e6df3fe3a647ac26dd63	ur	grammar-or-spelling
سونا پھر مہنگا ہوگیا	057c792184f10ffd71debb00390b9d4078aae9ce3352c6615683425fe6cf74a9	ur	sc-different-language
سونا پھر مہنگا ہوگیا	057c792184f10ffd71debb00390b9d4078aae9ce3352c6615683425fe6cf74a9	ur	difficult-pronounce
ئی ایم ایف نے امریکا کو تجارتی خطرات سے گاہ کردیا	0586b62cc619d2e80ab758d4b5b83206a9394ee62fae3a90a581b25ed0a741a0	ur	 ???? ?? ???? ???? ??? ?
پشتو موسیقی کے نامور گلوکار ہدایت اللہ کا انتقال	058d9a72fc7f3a787b9a78e9b2441128c49ec0901d55b989462a6060e63a56bc	ur	grammar-or-spelling
ومبلڈن اوپن سرینا ولیمزنےکیرئیر کا چھٹا ومبلڈن ٹائٹل جیت لیا	058dd4653e3518e5aaaaa1bc5a178009ccba5104c9fc4d30d983a27dc8c5cffc	ur	grammar-or-spelling
"ایک تو ابتداء میں ان کی بیماری کے حوالے سے "دورے" کا لفظ سامنے آیا"	0593d6f9b31dd762a99aa3778096a4ee60b1729f7f71a9d68f868d4a00a1b49d	ur	grammar-or-spelling
میں نے کلٹس کو چھوڑ کر میرا گاڑی کیوں خریدی	0487aa2d0a5da6df874fe34762c9ee8a88aae2be68d4ed089a38ae160d3ada3b	ur	grammar-or-spelling
بلال عباس اور اشنا شاہ کا منفرد ڈرامہ بلا	04a478da773bf23847420f47663661733d6194d2538b5c3ce14b1afad1ef09da	ur	grammar-or-spelling
دود میرا سنبلستاں سے کرے ہے ہم سری	9d190667d6d876f3615c683312b3b80e8f1d9459516eb7febe8c8616325d2f27	ur	difficult-pronounce
کسی کو دے کے دل‘ کوئی نوا سنجِ فغاں کیوں ہو؟	7f9690b4c513921ea8ff0a8839e3506d95b964e5d8860b66784d205871bdd161	ur	difficult-pronounce
میں تو کہوں گا کہ جو لوگ یا راولپنڈی انسٹیٹیوٹ آف کارڈیالوجی پہنچ پاتے ہیں۔	8af067abb8f78a5a2fe4aa2198b920817e8a3b340aa7c5a603dd50d897a83f54	ur	grammar-or-spelling
جس دل پہ ناز تھا مجھے، وہ دل نہیںرہا	8e6b227bf0cf783d63217cdbbe7535b95337a908389454a5f1a375795cfc3052	ur	grammar-or-spelling
لیکن ایف اے اے نے تفصیلی انکوائری	94b2d1107c517537a4916db698227802724f01066f147e8dcba5f13aecd276b2	ur	grammar-or-spelling
شکل انکی شدید اسلامی ہے ، یہ دھاڑی ، یہ پگڑی ، نام امارت اسلامیہ افغانستان والے طالبان کا ۔	04daa04a6e9936a07d6d90a3f1cb5b3b1a8784925c09a1ef01361079d43fd081	ur	offensive-language
نگاہ بے حجاب ناز کو بیم گزند آیا	6b9734cecd5f85f6367d24ac5298853df2b08cf38bc648ff42bdc34c362c80b8	ur	grammar-or-spelling
ہم نے دھاڑی منڈوادی	051e73df30b3295496af8f5098e65dd31bced9ac96e8d028dec81b71085eac6b	ur	grammar-or-spelling
کھانا اور مشروب پارٹی میں وافر مقدار میں تھا	048c5428dd8869bec07febba77e6499c4ec5ccc6737079757054d5fb36884afb	ur	grammar-or-spelling
جلدی اٹھ جاؤ وقت نکل جائے گا	05231562330ef97b2579b808c25f1f472ace76bc77c2661460abe7d903c4c628	ur	grammar-or-spelling
ماہرہ خان کا مرزا ملک کیلئے نیک تمناں کا اظہار	0542b2860114b78b58933ec13e298fbd7927ea129dd6686b54d784585326b24a	ur	grammar-or-spelling
جیسی نیت ویسی مراد ، شیخ الاسلام مولانا طاہرالقادری المشور کینڈیوی کے ساتھ بھی جو ہوا ، وہی ہوا ، جو ہونا چاہئے تھا ۔	04bb0e0fa1cb047c2ee1f0559469e95f7107bf486b49634a64326ecc51012862	ur	offensive-language
ان کی گاڑی دیں سال پرانی تھیں وہاں	03ac48974b63a2ae9aa2e81aa91782c3214e06ccc017be1a6fa50f362766e11b	ur	grammar-or-spelling
اسٹاک مارکیٹ کاروباری ہفتے کے خری روز بھی مندی	0567cd9eb6a03ccdc231dea016d6e4858c37049310622ce22abfb410f0900b29	ur	grammar-or-spelling
فریدون و جم و کیخسرو و داراب و بہمن ک	b80d853ff6a69a250709f18d232b1bcf4e656127ca749c749fbf20689218a931	ur	different-language
وہ گصاہ ہے	822c2fbc9d467edd348bbc7d9aa146bc6752657cb7dd5a0ee3367c486de9df12	ur	grammar-or-spelling
یے لسی ہے	b20254c4606591437b5b6f9f920e175e39726c2848c26aed99c92d6993f47295	ur	grammar-or-spelling
تمہارے خیال میں وہ اتنا بے نیاز ہے کہ اسے تمہارے گھر والوں کی فکر نہیں ہو گئی	c2e5f038bc70eff4c9ad4806e112bbbf6384284c13331b3ac7c3657ba90a459c	ur	grammar-or-spelling
شاہد فریدی اور عمر اکمل وطن واپس گئے	0578e0e31d4739d967457ba7b4e6831736200bf07786e610365352dcb2406fa3	ur	grammar-or-spelling
یے گصاہ ہے	d1c899c36ec891b5d834e2302b3402630dd67897a4a3d72f373af54da571d4b2	ur	grammar-or-spelling
گندم کے لیے کم از کم امدادی قیمت  روپے مقرر کرنے کی تجویز	062d0fb551fc13bbc5eeb393367c4831794e6523db63859a5effec9441dcd4a5	ur	grammar-or-spelling
آج ہمارا سب سے بڑا مسئلہ کرپشن یا نفاذ اسلام نہیں ہے۔	06415e422368ae31e5f04f9d4f937ca44b822574e7bd2a48d19230fbb3b9ea38	ur	grammar-or-spelling
صدرِپاکستان نے پاکستاني کرکٹ ٹيم کو جيت کي مبارکباد دي	0658e9ed10d1014894f8b7c74b7748fe066c6d4d3dc7f3756b92457efb25ed92	ur	grammar-or-spelling
منینولوپس مینیسوٹا پلاانو ٹیکساس	07b995c10e3c092115450ec6c899da2d4282ee1f50b8b018aa79013789def596	ur	difficult-pronounce
جیونی کی مقامی مارکیٹ لایا گیا	06efa00d861e77b0184c8bddc24726c4fd7909f5af02eab12f6c1c447914b002	ur	grammar-or-spelling
ہم نے دشت امکاں کو ایک نقش پا پایا	c7b190fa918d83bed7adf5d42ca6f62ca5274e66df987f176db7bc3662887bab	ur	grammar-or-spelling
ہاتھ دعا سے یوں گرا بھول گیا سوال بھ	063702b5691e1a7b497580c4ab084b7937fe8e18e51c3a21b9ace1f6bdf995b1	ur	grammar-or-spelling